<!DOCTYPE hibernate-configuration PUBLIC
        "-//Hibernate/Hibernate Configuration DTD 3.0//EN"
        "http://www.hibernate.org/dtd/hibernate-configuration-3.0.dtd">
 
<hibernate-configuration>
    <session-factory>
 
        <property name="connection.driver_class">com.mysql.cj.jdbc.Driver</property>
        <property name="dialect">org.hibernate.dialect.MySQLDialect</property>
        <property name="connection.url">jdbc:mysql://localhost:3306/bookstoredb</property>
        <property name="connection.username">root</property>
        <property name="connection.password">abc</property>
 
    </session-factory>
</hibernate-configuration>