<?xml version="1.0" encoding="UTF-8"?>
<project-private xmlns="http://www.netbeans.org/ns/project-private/1">
    <editor-bookmarks xmlns="http://www.netbeans.org/ns/editor-bookmarks/2" lastBookmarkId="0"/>
    <open-files xmlns="http://www.netbeans.org/ns/projectui-open-files/2">
        <group>
            <file>file:/U:/JAVA/BookStore_Management_System/src/bookstore_management_system/Users.java</file>
            <file>file:/U:/JAVA/BookStore_Management_System/src/bookstore_management_system/Books.java</file>
            <file>file:/U:/JAVA/BookStore_Management_System/src/bookstore_management_system/Sale.java</file>
            <file>file:/U:/JAVA/BookStore_Management_System/src/bookstore_management_system/BookStore_Management_System.java</file>
            <file>file:/U:/JAVA/BookStore_Management_System/src/bookstore_management_system/Login.java</file>
            <file>file:/U:/JAVA/BookStore_Management_System/src/bookstore_management_system/wp5608281%20(1).jpg</file>
            <file>file:/U:/JAVA/BookStore_Management_System/src/bookstore_management_system/Splash.java</file>
            <file>file:/U:/JAVA/BookStore_Management_System/src/bookstore_management_system/b5d5c85f-b043-44d7-89a8-e2711fd8da04-shutterstock_489791773%20(1)%20(7).jpg</file>
            <file>file:/U:/JAVA/BookStore_Management_System/src/bookstore_management_system/Billing.java</file>
            <file>file:/U:/JAVA/BookStore_Management_System/src/bookstore_management_system/ConClass.java</file>
            <file>file:/U:/JAVA/BookStore_Management_System/src/bookstore_management_system/icons8-user-32.png</file>
        </group>
    </open-files>
</project-private>
